,corrientes,esteros del ibera,parque nacional ibera,parque nacional mburucuya,parque provincial ibera,reserva provincial ibera,scale
02-27,89380990.45532203,92495316.60366307,112119264.10225278,7121.2486572265625,39328286.89230694,135619134.3490792,30.0
03-31,1130420011.075068,724263244.1722248,317688712.083748,153588.27413330076,80752839.03700835,505365660.52325153,30.0
04-30,5080147800.885396,2607580784.702479,652770139.8155124,318799.58197643806,230674784.94223875,1453961677.335802,30.0
05-31,6342756858.590586,3466210570.699951,763667763.6501639,445014.10026783665,255801385.68266457,1709289543.1247396,30.0
06-30,5607269296.037403,3161029649.887133,733764098.7169261,406145.3076471067,238538680.8973772,1601325869.273137,30.0
nbr,10443316152.561506,5772077819.579679,939760809.7870164,703709.7070791206,349703768.8305949,2377354188.4876065,20.0
