,corrientes,esteros del ibera,parque nacional ibera,parque nacional mburucuya,parque provincial ibera,reserva provincial ibera,scale
02-27,0.008558678981809712,0.016024613578477113,0.11930617124549282,0.010119582813181083,0.11246171873932113,0.05704624704464233,1.5
03-31,0.10824339649985622,0.12547704081802652,0.338052735095165,0.21825515917749347,0.23091784028249066,0.2125748291821625,1.5
04-30,0.4864496800318883,0.45175773200028724,0.6946130685780072,0.4530271200885883,0.6596291075546952,0.6115881614850012,1.5
05-31,0.6073508420057601,0.6005134856190071,0.8126192917357753,0.6323830633443318,0.731480208343368,0.718988172398549,1.5
06-30,0.5369242120149803,0.5476415510484782,0.7807987852602871,0.5771489345129104,0.6821164144013878,0.6735747988362841,1.5
nbr,1.0,1.0,1.0,1.0,1.0,1.0,1.0
