{
    "corrientes": {
      "masked_area": 36268502.1953125,
      "percent": 0.0004057627333318888,
      "total_area": 89383521984.62521
    },
    "esteros del ibera": {
      "masked_area": 31412775.489659928,
      "percent": 0.0008009172785576986,
      "total_area": 39220998635.74979
    },
    "parque nacional ibera": {
      "masked_area": 16641831.21436887,
      "percent": 0.0086743631731674,
      "total_area": 1918507547.1416063
    },
    "parque nacional mburucuya": {
      "masked_area": 0,
      "percent": 0,
      "total_area": 177172008.6759498
    },
    "parque provincial ibera": {
      "masked_area": 22845953.317356005,
      "percent": 0.004052519264165319,
      "total_area": 5637469393.266782
    },
    "reserva provincial ibera": {
      "masked_area": 33109365.365533087,
      "percent": 0.002893768278186737,
      "total_area": 11441609065.629725
    },
    "scale": 250
}