{
    "corrientes": 6431.7559827344985,
    "esteros del ibera": 6367.610670798966,
    "parque nacional ibera": 6071.484565584538,
    "parque nacional mburucuya": 6727,
    "parque provincial ibera": 5792.699314835306,
    "reserva provincial ibera": 6174.757128805108,
    "scale": 250
  }