{
    "corrientes": {
      "masked_area": 6087400406.477956,
      "percent": 0.06810427997595625,
      "total_area": 89383521984.62521
    },
    "esteros del ibera": {
      "masked_area": 3397412293.3162518,
      "percent": 0.08662227917418512,
      "total_area": 39220998635.74979
    },
    "parque nacional ibera": {
      "masked_area": 876100067.7826284,
      "percent": 0.45665708695695995,
      "total_area": 1918507547.1416063
    },
    "parque nacional mburucuya": {
      "masked_area": 54954.77734375,
      "percent": 0.00031017753737986394,
      "total_area": 177172008.6759498
    },
    "parque provincial ibera": {
      "masked_area": 307429527.4633115,
      "percent": 0.05453324994198563,
      "total_area": 5637469393.266782
    },
    "reserva provincial ibera": {
      "masked_area": 1933748830.66728,
      "percent": 0.16901021696993718,
      "total_area": 11441609065.629725
    },
    "scale": 250
}