{
    "corrientes": {
      "masked_area": 6061516139.33563,
      "percent": 0.06781469341047298,
      "total_area": 89383521984.62521
    },
    "esteros del ibera": {
      "masked_area": 3639868968.338678,
      "percent": 0.09280408696735609,
      "total_area": 39220998635.74979
    },
    "parque nacional ibera": {
      "masked_area": 882242211.2954502,
      "percent": 0.45985860864081934,
      "total_area": 1918507547.1416063
    },
    "parque nacional mburucuya": {
      "masked_area": 92025.39005821079,
      "percent": 0.0005194126924785651,
      "total_area": 177172008.6759498
    },
    "parque provincial ibera": {
      "masked_area": 294681961.07264084,
      "percent": 0.05227202854965382,
      "total_area": 5637469393.266782
    },
    "reserva provincial ibera": {
      "masked_area": 1940195992.7204506,
      "percent": 0.1695737008310086,
      "total_area": 11441609065.629725
    },
    "scale": 250
}