{
    "corrientes": {
      "masked_area": 7134189473.784346,
      "percent": 0.07981548853055367,
      "total_area": 89383521984.62521
    },
    "esteros del ibera": {
      "masked_area": 4050109079.900489,
      "percent": 0.10326379288590654,
      "total_area": 39220998635.74979
    },
    "parque nacional ibera": {
      "masked_area": 892365341.2884953,
      "percent": 0.465135173754221,
      "total_area": 1918507547.1416063
    },
    "parque nacional mburucuya": {
      "masked_area": 92025.39005821079,
      "percent": 0.0005194126924785651,
      "total_area": 177172008.6759498
    },
    "parque provincial ibera": {
      "masked_area": 304224813.53958297,
      "percent": 0.053964783188524205,
      "total_area": 5637469393.266782
    },
    "reserva provincial ibera": {
      "masked_area": 1979694368.5016396,
      "percent": 0.1730258705000319,
      "total_area": 11441609065.629725
    },
    "scale": 250
}