{
    "corrientes": {
      "masked_area": 5080147800.885396,
      "percent": 0.05683513039081239,
      "total_area": 89383938524.519
    },
    "esteros del ibera": {
      "masked_area": 2607580784.702479,
      "percent": 0.06648420875447078,
      "total_area": 39221054646.71158
    },
    "parque nacional ibera": {
      "masked_area": 652770139.8155124,
      "percent": 0.34018256312980033,
      "total_area": 1918881831.595939
    },
    "parque nacional mburucuya": {
      "masked_area": 318799.58197643806,
      "percent": 0.0017992241885596567,
      "total_area": 177187247.70571727
    },
    "parque provincial ibera": {
      "masked_area": 230674784.94223875,
      "percent": 0.040916899850295695,
      "total_area": 5637640822.892689
    },
    "reserva provincial ibera": {
      "masked_area": 1453961677.335802,
      "percent": 0.1270748905214361,
      "total_area": 11441770056.772427
    },
    "scale": 30
}