{
    "corrientes": 0.4960895176442381,
    "esteros del ibera": 0.4726714157943226,
    "parque nacional ibera": 0.4257919794473986,
    "parque nacional mburucuya": 0.36545337280525303,
    "parque provincial ibera": 0.38671861306970856,
    "reserva provincial ibera": 0.44140798087524075,
    "scale": 30
}